{"spot_diameter_fullres": 176.69610000000003, "tissue_hires_scalef": 0.048109304, "fiducial_diameter_fullres": 285.43215999999995, "tissue_lowres_scalef": 0.014432792}